{
  "micro-lstm": {
    "train": [
      0.15757338900802734,
      0.08563051466247562,
      0.07651587073387725,
      0.07183140195375971,
      0.0692068384088269,
      0.06335431704304638,
      0.05782743569896016,
      0.052926670634344725,
      0.04998119232638945,
      0.044383918915348555,
      0.039970564115304176,
      0.03564781386558706,
      0.03372304724731695,
      0.03131915338002564,
      0.028956968134987666,
      0.029233763957124077,
      0.02895066628323289,
      0.024221378186724606,
      0.02333185967922992,
      0.022862778990512037,
      0.021571525728350943,
      0.020745171739786083,
      0.020396638312813048,
      0.019367409500289947,
      0.019454431779375683,
      0.01873614038044259,
      0.01825096823400661,
      0.01800915136347326,
      0.01778671471925264,
      0.01726537099812696
    ],
    "val": [
      0.09882605786638698,
      0.11982402615463254,
      0.10795697740054336,
      0.11980530756643448,
      0.11437702705634051,
      0.13658620166624413,
      0.14344550671334239,
      0.1381805146048809,
      0.17984182156365494,
      0.16178949228648482,
      0.19145540672557793,
      0.17851008919078384,
      0.17372181684035679,
      0.19103027312834372,
      0.1722572191307942,
      0.15847671745965877,
      0.1779277261303759,
      0.15962290850564323,
      0.16147423730413804,
      0.1877106343256845,
      0.1623950771473605,
      0.18308275591196685,
      0.17377551086246967,
      0.17266236375160943,
      0.17875641032025733,
      0.17102971579879522,
      0.1725535806611009,
      0.1750509455671598,
      0.16949520855285655,
      0.17261594039355888
    ]
  },
  "micro-diffusion": {
    "train": [
      0.12381071449470886,
      0.09876746203030118,
      0.09227394090342919,
      0.09002733189569698,
      0.08890294188707494,
      0.08646804970067838,
      0.08680467710146983,
      0.08436818875935258,
      0.08387781762626503,
      0.08441468438899166,
      0.08302410688160629,
      0.08256058073417784,
      0.08283057868022772,
      0.08278203905868928,
      0.08268678161612546,
      0.08204380120419051,
      0.08239924581423307,
      0.08161360307306853,
      0.08249488154309355,
      0.08202964070321045
    ],
    "val": [
      0.102745956956194,
      0.09687687346759515,
      0.09146479815722276,
      0.09411471081563295,
      0.08943553311893573,
      0.0882808218877285,
      0.08590005044467174,
      0.08663997140068275,
      0.08846527512352435,
      0.08643757704740916,
      0.08016291996225333,
      0.08147062917645925,
      0.08594826140846962,
      0.08285408820479344,
      0.08399705211512554,
      0.0815806699057038,
      0.08243818136935051,
      0.08191818801256326,
      0.08068808555029906,
      0.08259824324303712
    ]
  },
  "vww": {
    "train": [
      0.504145204447783,
      0.38399646536279947,
      0.35495270473452717,
      0.3343133059067604,
      0.3154028568130273,
      0.30504285305356366,
      0.2873937589331315,
      0.2657104467447752,
      0.2517799180574142,
      0.2452086397470572,
      0.2404563537774942,
      0.21489512600386754,
      0.2014267862511751,
      0.1934248504634851,
      0.18724320432505545,
      0.16858312029104966,
      0.17121859033329365,
      0.173707728059246,
      0.14348538098140404,
      0.1414401290508417
    ],
    "val": [
      0.3780961825001624,
      0.349536114642697,
      0.32150821243563005,
      0.3258310474695698,
      0.3232982745093684,
      0.3042607014217684,
      0.3022779106132446,
      0.33056659852304765,
      0.3976251848282353,
      0.3467282162558648,
      0.3760364271940724,
      0.44929853850795376,
      0.35187612041350336,
      0.351872282643472,
      0.33130388490615353,
      0.3693088807405964,
      0.34362323389899346,
      0.3621668950203926,
      0.37445471748229,
      0.3761601219734838
    ]
  },
  "nanogpt": {
    "train": [
      0.19204077125998514,
      0.1797272566466452,
      0.16948829219406586,
      0.1551510907676865,
      0.14160703275715794,
      0.13099319773848833,
      0.12311163626609228,
      0.11723396389872186,
      0.11281657971459783,
      0.10945781567105155,
      0.10679857163157024,
      0.10462687010910654,
      0.10281122685357892,
      0.10126254981294999,
      0.1000146835288862,
      0.09892050913392851,
      0.09797542499371477,
      0.09715779520632023,
      0.09640771083237824,
      0.09573812551344177,
      0.09514580054846107,
      0.09458054320008767,
      0.09410169557135094,
      0.0936695221791158,
      0.09327599010886627
    ],
    "val": [
      0.19231544247450094,
      0.19271340592091984,
      0.20844304190662888,
      0.2323396890128184,
      0.2613025298177734,
      0.2841703042757872,
      0.3086092017207726,
      0.3243221912320828,
      0.33457310754666286,
      0.34901673893711116,
      0.35780897405528284,
      0.3539768452831612,
      0.3685136258490956,
      0.3699808302825224,
      0.37875667549343667,
      0.3820001807505892,
      0.3836413558159857,
      0.3850608883175156,
      0.3868611845702215,
      0.3899158017739519,
      0.38559953338407915,
      0.395399331647466,
      0.3952687835677109,
      0.3952973602286972,
      0.3900465099872001
    ]
  }
}